model,accuracy
LogisticRegression,0.7221652704291593
DecisionTreeClassifier,0.5241608924271463
RandomForestClassifier,0.7154834182008095
SVC,0.7578112619175421
KNeighborsClassifier,0.6891041401072874
MLPClassifier,0.7874354416997229
Perceptron,0.7219387524620083
GradientBoostingClassifier,0.5952267775797188
XGBClassifier,0.591401672447424
LGBMClassifier,0.6284468728627908
