model,accuracy
SVC,0.7615713515850314
MLPClassifier,0.6168756461318011
RandomForestClassifier,0.6057849226647181
LGBMClassifier,0.5836614799835224
LogisticRegression,0.7463099128540304
XGBClassifier,0.5768725825348676
KNeighborsClassifier,0.7343915343915345
GradientBoostingClassifier,0.6054562966327672
Perceptron,0.7617361139032965
DecisionTreeClassifier,0.4176367389060887
